INSERT INTO `managmentsystem`.`jobs` (`job_id`, `job_title`) VALUES ('1', 'Secretary');
INSERT INTO `managmentsystem`.`jobs` (`job_id`, `job_title`) VALUES ('2', 'Administrator');
INSERT INTO `managmentsystem`.`jobs` (`job_id`, `job_title`) VALUES ('3', 'Developer');
INSERT INTO `managmentsystem`.`jobs` (`job_id`, `job_title`) VALUES ('4', 'DevOps');
INSERT INTO `managmentsystem`.`jobs` (`job_id`, `job_title`) VALUES ('5', 'BackEnd');
INSERT INTO `managmentsystem`.`jobs` (`job_id`, `job_title`) VALUES ('6', 'Designer');
INSERT INTO `managmentsystem`.`jobs` (`job_id`, `job_title`) VALUES ('7', 'Editor');


INSERT INTO `managmentsystem`.`requests` (`request_id`, `request_tittle`) VALUES ('1', 'vacation_leave');
INSERT INTO `managmentsystem`.`requests` (`request_id`, `request_tittle`) VALUES ('2', 'medical_leave');
INSERT INTO `managmentsystem`.`requests` (`request_id`, `request_tittle`) VALUES ('3', 'pregnancy_leave');


INSERT INTO `managmentsystem`.`managers` (`manager_id`, `name`, `surname`, `username`, `password`, `salary`, `start_date`) VALUES ('1', 'Visar ', 'Buza', 'visarbuza', '123123', '100000', '20.10.2005');
INSERT INTO `managmentsystem`.`managers` (`manager_id`, `name`, `surname`, `username`, `password`, `salary`, `start_date`) VALUES ('2', 'Shpat ', 'Gashi', 'shpatgashi', '12341234', '90000', '18.06.2008');
INSERT INTO `managmentsystem`.`managers` (`manager_id`, `name`, `surname`, `username`, `password`, `salary`, `start_date`) VALUES ('3', 'Vegim ', 'Bytyqi', 'vegimbytyqi', 'vegim123', '90000', '22.01.2010');
INSERT INTO `managmentsystem`.`managers` (`manager_id`, `name`, `surname`, `username`, `password`, `salary`, `start_date`) VALUES ('4', 'Vigan ', 'Dika', 'vigandika', 'manchester', '120000', '07.07.2012');
INSERT INTO `managmentsystem`.`managers` (`manager_id`, `name`, `surname`, `username`, `password`, `salary`, `start_date`) VALUES ('5', 'Puhize', 'Doci', 'puhizedoci', 'duqi1234', '110000', '08.10.2017');
INSERT INTO `managmentsystem`.`managers` (`manager_id`, `name`, `surname`, `username`, `password`, `salary`, `start_date`) VALUES ('6', 'Rrezarta', 'Sallauka', 'rrezartasallauka', 'suhareka4life', '85000', '12.12.2018');
INSERT INTO `managmentsystem`.`managers` (`manager_id`, `name`, `surname`, `username`, `password`, `salary`, `start_date`) VALUES ('7', 'Blert ', 'Beqa', 'blertbeqa', 'blerti123', '120000', '12.08.2015');


INSERT INTO `managmentsystem`.`departments` (`department_id`, `department_name`, `budget`, `manager_id`) VALUES ('1', 'Head Office', '1000000', '3');
INSERT INTO `managmentsystem`.`departments` (`department_id`, `department_name`, `budget`, `manager_id`) VALUES ('2', 'Dev Center', '850000', '1');
INSERT INTO `managmentsystem`.`departments` (`department_id`, `department_name`, `budget`, `manager_id`) VALUES ('3', 'Human Resources', '700000', '2');
INSERT INTO `managmentsystem`.`departments` (`department_id`, `department_name`, `budget`, `manager_id`) VALUES ('4', 'Branch Prishtine', '900000', '5');
INSERT INTO `managmentsystem`.`departments` (`department_id`, `department_name`, `budget`, `manager_id`) VALUES ('5', 'Branch Gjakove', '650000', '4');
INSERT INTO `managmentsystem`.`departments` (`department_id`, `department_name`, `budget`, `manager_id`) VALUES ('6', 'Client Care', '300000', '7');
INSERT INTO `managmentsystem`.`departments` (`department_id`, `department_name`, `budget`, `manager_id`) VALUES ('7', 'Research Center', '1500000', '6');


INSERT INTO `managmentsystem`.`employees` (`emp_id`, `name`, `surname`, `username`, `password`, `start_date`, `job_id`, `department_id`, `salary`) VALUES ('1', 'Rrezon ', 'Hazrolli', 'rrezonhazrolli', 'rrezoni123', '10.10.2018', '1', '2', '30000');
INSERT INTO `managmentsystem`.`employees` (`emp_id`, `name`, `surname`, `username`, `password`, `start_date`, `job_id`, `department_id`, `salary`) VALUES ('2', 'Fjolla ', 'Avdiu', 'fjollaavdiu', 'fjolla123', '10.12.2016', '4', '2', '20000');
INSERT INTO `managmentsystem`.`employees` (`emp_id`, `name`, `surname`, `username`, `password`, `start_date`, `job_id`, `department_id`, `salary`) VALUES ('3', 'Rron', 'Prokupla', 'rronprokupla', '123123', '10.12.2015', '2', '2', '40000');
INSERT INTO `managmentsystem`.`employees` (`emp_id`, `name`, `surname`, `username`, `password`, `start_date`, `job_id`, `department_id`, `salary`) VALUES ('4', 'Shpend', 'Jahiri', 'shpendjahiri', '123123', '10.12.2012', '3', '2', '30000');
INSERT INTO `managmentsystem`.`employees` (`emp_id`, `name`, `surname`, `username`, `password`, `start_date`, `job_id`, `department_id`, `salary`) VALUES ('5', 'Valon', 'Pllana ', 'valonpllana', '12341234', '01.09.2018', '7', '2', '25000');
INSERT INTO `managmentsystem`.`employees` (`emp_id`, `name`, `surname`, `username`, `password`, `start_date`, `job_id`, `department_id`, `salary`) VALUES ('6', 'Korab', 'Spahija', 'korabspahija', 'korabi123', '02.01.208', '1', '2', '50000');
INSERT INTO `managmentsystem`.`employees` (`emp_id`, `name`, `surname`, `username`, `password`, `start_date`, `job_id`, `department_id`, `salary`) VALUES ('7', 'Shkamb', 'Buza', 'shkambbuza', 'shkambi123', '01.01.2009', '3', '2', '60000');
INSERT INTO `managmentsystem`.`employees` (`emp_id`, `name`, `surname`, `username`, `password`, `start_date`, `job_id`, `department_id`, `salary`) VALUES ('8', 'Arbena ', 'Musa', 'arbenamusa', 'arbena123', '01.10.2007', '6', '2', '40000');
INSERT INTO `managmentsystem`.`employees` (`emp_id`, `name`, `surname`, `username`, `password`, `start_date`, `job_id`, `department_id`, `salary`) VALUES ('9', 'Fitore', 'Morina', 'fitoremorina', '234321', '15.06.2018', '2', '2', '30000');
INSERT INTO `managmentsystem`.`employees` (`emp_id`, `name`, `surname`, `username`, `password`, `start_date`, `job_id`, `department_id`, `salary`) VALUES ('10', 'Fjolla', 'Nagavci', 'fjollanagavci', '12341234', '12.09.2018', '2', '2', '20000');
INSERT INTO `managmentsystem`.`employees` (`emp_id`, `name`, `surname`, `username`, `password`, `start_date`, `job_id`, `department_id`, `salary`) VALUES ('11', 'Gent ', 'Boshnjaku', 'gentboshnjaku', 'genti123', '10.10.2018', '1', '2', '30000');
INSERT INTO `managmentsystem`.`employees` (`emp_id`, `name`, `surname`, `username`, `password`, `start_date`, `job_id`, `department_id`, `salary`) VALUES ('12', 'Fjolla ', 'Hajdarhoxha', 'fjollahajdarhoxha', 'fjolla123', '10.12.2016', '4', '2', '20000');
INSERT INTO `managmentsystem`.`employees` (`emp_id`, `name`, `surname`, `username`, `password`, `start_date`, `job_id`, `department_id`, `salary`) VALUES ('13', 'Era', 'Mullaademi', 'eramullaademi', '123123', '10.12.2015', '2', '2', '40000');
INSERT INTO `managmentsystem`.`employees` (`emp_id`, `name`, `surname`, `username`, `password`, `start_date`, `job_id`, `department_id`, `salary`) VALUES ('14', 'Elda', 'Lamaxhema', 'eldalamaxhema', '123123', '10.12.2012', '3', '2', '30000');
INSERT INTO `managmentsystem`.`employees` (`emp_id`, `name`, `surname`, `username`, `password`, `start_date`, `job_id`, `department_id`, `salary`) VALUES ('15', 'Adea', 'Haxhidauti', 'adeahaxhidauti', '12341234', '01.09.2018', '7', '2', '25000');
INSERT INTO `managmentsystem`.`employees` (`emp_id`, `name`, `surname`, `username`, `password`, `start_date`, `job_id`, `department_id`, `salary`) VALUES ('16', 'Elira', 'Xharavina', 'eliraxharavina', 'korabi123', '02.01.208', '1', '2', '50000');
INSERT INTO `managmentsystem`.`employees` (`emp_id`, `name`, `surname`, `username`, `password`, `start_date`, `job_id`, `department_id`, `salary`) VALUES ('17', 'Burim', 'Buza', 'burimbuza', 'burimi123', '01.01.2009', '3', '2', '60000');
INSERT INTO `managmentsystem`.`employees` (`emp_id`, `name`, `surname`, `username`, `password`, `start_date`, `job_id`, `department_id`, `salary`) VALUES ('18', 'Bledar ', 'Buza', 'bledarbuza', '123456789', '01.10.2007', '6', '2', '40000');
INSERT INTO `managmentsystem`.`employees` (`emp_id`, `name`, `surname`, `username`, `password`, `start_date`, `job_id`, `department_id`, `salary`) VALUES ('19', 'Florin ', 'Buza', 'florinbuza', '123456789', '01.10.2007', '6', '2', '40000');
INSERT INTO `managmentsystem`.`employees` (`emp_id`, `name`, `surname`, `username`, `password`, `start_date`, `job_id`, `department_id`, `salary`) VALUES ('20', 'Bleron ', 'Buza', 'bleronbuza', '123456789', '01.10.2007', '6', '2', '40000');
INSERT INTO `managmentsystem`.`employees` (`emp_id`, `name`, `surname`, `username`, `password`, `start_date`, `job_id`, `department_id`, `salary`) VALUES ('21', 'Rajmonda ', 'Shala', 'rajmondashala', '123456789', '01.10.2007', '6', '2', '40000');
INSERT INTO `managmentsystem`.`employees` (`emp_id`, `name`, `surname`, `username`, `password`, `start_date`, `job_id`, `department_id`, `salary`) VALUES ('22', 'Lis ', 'Haxhibeqiri', 'lishaxhibeqiri', '123456789', '01.10.2007', '6', '2', '40000');
INSERT INTO `managmentsystem`.`employees` (`emp_id`, `name`, `surname`, `username`, `password`, `start_date`, `job_id`, `department_id`, `salary`) VALUES ('23', 'Eldon ', 'Byci', 'eldonbyci', '123456789', '01.10.2007', '6', '2', '40000');
INSERT INTO `managmentsystem`.`employees` (`emp_id`, `name`, `surname`, `username`, `password`, `start_date`, `job_id`, `department_id`, `salary`) VALUES ('24', 'Endrit ', 'Byci', 'endritbyci', '123456789', '01.10.2007', '6', '2', '40000');
INSERT INTO `managmentsystem`.`employees` (`emp_id`, `name`, `surname`, `username`, `password`, `start_date`, `job_id`, `department_id`, `salary`) VALUES ('25', 'Dion ', 'Stublla', 'dionstublla', '123456789', '01.10.2007', '6', '2', '40000');
INSERT INTO `managmentsystem`.`employees` (`emp_id`, `name`, `surname`, `username`, `password`, `start_date`, `job_id`, `department_id`, `salary`) VALUES ('26', 'Blini ', 'Beqa', 'blinibeqa', '123456789', '01.10.2007', '6', '2', '40000');
INSERT INTO `managmentsystem`.`employees` (`emp_id`, `name`, `surname`, `username`, `password`, `start_date`, `job_id`, `department_id`, `salary`) VALUES ('27', 'Art ', 'Mullahasani', 'artmullahasani', '123456789', '01.10.2007', '6', '2', '40000');
INSERT INTO `managmentsystem`.`employees` (`emp_id`, `name`, `surname`, `username`, `password`, `start_date`, `job_id`, `department_id`, `salary`) VALUES ('28', 'Edi ', 'Hoxha', 'edihoxha', '123456789', '01.10.2007', '6', '2', '40000');
INSERT INTO `managmentsystem`.`employees` (`emp_id`, `name`, `surname`, `username`, `password`, `start_date`, `job_id`, `department_id`, `salary`) VALUES ('29', 'Etnor ', 'Qurdina', 'etnorqurdina', '123456789', '01.10.2007', '6', '2', '40000');
INSERT INTO `managmentsystem`.`employees` (`emp_id`, `name`, `surname`, `username`, `password`, `start_date`, `job_id`, `department_id`, `salary`) VALUES ('30', 'Qlirim ', 'Kasapi', 'qlirimkasapi', '123456789', '01.10.2007', '6', '2', '40000');
INSERT INTO `managmentsystem`.`employees` (`emp_id`, `name`, `surname`, `username`, `password`, `start_date`, `job_id`, `department_id`, `salary`) VALUES ('31', 'Blerona', 'Hasani', 'bleronahasani', '123456789', '01.10.2007', '6', '2', '40000');
INSERT INTO `managmentsystem`.`employees` (`emp_id`, `name`, `surname`, `username`, `password`, `start_date`, `job_id`, `department_id`, `salary`) VALUES ('32', 'Bledar ', 'Buza', 'vetiolamici', '123456789', '01.10.2007', '6', '2', '40000');
INSERT INTO `managmentsystem`.`employees` (`emp_id`, `name`, `surname`, `username`, `password`, `start_date`, `job_id`, `department_id`, `salary`) VALUES ('33', 'Diellza ', 'Salicana', 'diellzasalicana', '123456789', '01.10.2007', '6', '2', '40000');
INSERT INTO `managmentsystem`.`employees` (`emp_id`, `name`, `surname`, `username`, `password`, `start_date`, `job_id`, `department_id`, `salary`) VALUES ('34', 'Valmira', 'Mullatahiri', 'valmiramullatahiri', '123456789', '01.10.2007', '6', '2', '40000');
INSERT INTO `managmentsystem`.`employees` (`emp_id`, `name`, `surname`, `username`, `password`, `start_date`, `job_id`, `department_id`, `salary`) VALUES ('35', 'Elona ', 'Domi', 'elonadomi', '123456789', '01.10.2007', '6', '2', '40000');
INSERT INTO `managmentsystem`.`employees` (`emp_id`, `name`, `surname`, `username`, `password`, `start_date`, `job_id`, `department_id`, `salary`) VALUES ('36', 'Qendresa ', 'Tara', 'qendresatara', '123456789', '01.10.2007', '6', '2', '40000');
INSERT INTO `managmentsystem`.`employees` (`emp_id`, `name`, `surname`, `username`, `password`, `start_date`, `job_id`, `department_id`, `salary`) VALUES ('37', 'Jona', 'Zajmi', 'jonazajmi', '123456789', '01.10.2007', '6', '2', '40000');
INSERT INTO `managmentsystem`.`employees` (`emp_id`, `name`, `surname`, `username`, `password`, `start_date`, `job_id`, `department_id`, `salary`) VALUES ('38', 'Hana ', 'Vula', 'hanavula', '123456789', '01.10.2007', '6', '2', '40000');
INSERT INTO `managmentsystem`.`employees` (`emp_id`, `name`, `surname`, `username`, `password`, `start_date`, `job_id`, `department_id`, `salary`) VALUES ('39', 'Jon ', 'Vula', 'jonvula', '123456789', '01.10.2007', '6', '2', '40000');
INSERT INTO `managmentsystem`.`employees` (`emp_id`, `name`, `surname`, `username`, `password`, `start_date`, `job_id`, `department_id`, `salary`) VALUES ('40', 'Leon ', 'Rraci', 'leonrraci', '123456789', '01.10.2007', '6', '2', '40000');
INSERT INTO `managmentsystem`.`employees` (`emp_id`, `name`, `surname`, `username`, `password`, `start_date`, `job_id`, `department_id`, `salary`) VALUES ('41', 'Jon ', 'Bytyqi', 'jonbytyqi', '123456789', '01.10.2007', '6', '2', '40000');
INSERT INTO `managmentsystem`.`employees` (`emp_id`, `name`, `surname`, `username`, `password`, `start_date`, `job_id`, `department_id`, `salary`) VALUES ('42', 'Edin', 'Blyta', 'edinablyta', '123456789', '01.10.2007', '6', '2', '40000');
INSERT INTO `managmentsystem`.`employees` (`emp_id`, `name`, `surname`, `username`, `password`, `start_date`, `job_id`, `department_id`, `salary`) VALUES ('43', 'Janina ', 'Zhuri', 'janinazhuri', '123456789', '01.10.2007', '6', '2', '40000');
INSERT INTO `managmentsystem`.`employees` (`emp_id`, `name`, `surname`, `username`, `password`, `start_date`, `job_id`, `department_id`, `salary`) VALUES ('44', 'Argjent ', 'Zhubi', 'argjentzhubi', '123456789', '01.10.2007', '6', '2', '40000');
INSERT INTO `managmentsystem`.`employees` (`emp_id`, `name`, `surname`, `username`, `password`, `start_date`, `job_id`, `department_id`, `salary`) VALUES ('45', 'Eduard ', 'Spahija', 'eduardspahija', '123456789', '01.10.2007', '6', '2', '40000');
INSERT INTO `managmentsystem`.`employees` (`emp_id`, `name`, `surname`, `username`, `password`, `start_date`, `job_id`, `department_id`, `salary`) VALUES ('46', 'Ardit ', 'Baloku', 'arditbaloku', '123456789', '01.10.2007', '6', '2', '40000');
INSERT INTO `managmentsystem`.`employees` (`emp_id`, `name`, `surname`, `username`, `password`, `start_date`, `job_id`, `department_id`, `salary`) VALUES ('47', 'Ardita ', 'Berisha', 'arditaberisha', '123456789', '01.10.2007', '6', '2', '40000');
INSERT INTO `managmentsystem`.`employees` (`emp_id`, `name`, `surname`, `username`, `password`, `start_date`, `job_id`, `department_id`, `salary`) VALUES ('48', 'Vesa ', 'Qilexhiu', 'vesaqirlexhiu', '123456789', '01.10.2007', '6', '2', '40000');
INSERT INTO `managmentsystem`.`employees` (`emp_id`, `name`, `surname`, `username`, `password`, `start_date`, `job_id`, `department_id`, `salary`) VALUES ('49', 'Bledar ', 'Buza', 'amblamamusha', '123456789', '01.10.2007', '6', '2', '40000');
INSERT INTO `managmentsystem`.`employees` (`emp_id`, `name`, `surname`, `username`, `password`, `start_date`, `job_id`, `department_id`, `salary`) VALUES ('50', 'Bledar ', 'Buza', 'veliemra', '123456789', '01.10.2007', '6', '2', '40000');
INSERT INTO `managmentsystem`.`employees` (`emp_id`, `name`, `surname`, `username`, `password`, `start_date`, `job_id`, `department_id`, `salary`) VALUES ('51', 'Bledar ', 'Buza', 'shkumnimemra', '123456789', '01.10.2007', '6', '2', '40000');
INSERT INTO `managmentsystem`.`employees` (`emp_id`, `name`, `surname`, `username`, `password`, `start_date`, `job_id`, `department_id`, `salary`) VALUES ('52', 'Bledar ', 'Buza', 'besmirdalladaku', '123456789', '01.10.2007', '6', '2', '40000');
INSERT INTO `managmentsystem`.`employees` (`emp_id`, `name`, `surname`, `username`, `password`, `start_date`, `job_id`, `department_id`, `salary`) VALUES ('53', 'Bledar ', 'Buza', 'rronvokshi', '123456789', '01.10.2007', '6', '2', '40000');
INSERT INTO `managmentsystem`.`employees` (`emp_id`, `name`, `surname`, `username`, `password`, `start_date`, `job_id`, `department_id`, `salary`) VALUES ('54', 'Bledar ', 'Buza', 'aurondoli', '123456789', '01.10.2007', '6', '2', '40000');
INSERT INTO `managmentsystem`.`employees` (`emp_id`, `name`, `surname`, `username`, `password`, `start_date`, `job_id`, `department_id`, `salary`) VALUES ('55', 'Bledar ', 'Buza', 'beatrisazherka', '123456789', '01.10.2007', '6', '2', '40000');
INSERT INTO `managmentsystem`.`employees` (`emp_id`, `name`, `surname`, `username`, `password`, `start_date`, `job_id`, `department_id`, `salary`) VALUES ('56', 'Bledar ', 'Buza', 'leotrimkrasniqi', '123456789', '01.10.2007', '6', '2', '40000');
INSERT INTO `managmentsystem`.`employees` (`emp_id`, `name`, `surname`, `username`, `password`, `start_date`, `job_id`, `department_id`, `salary`) VALUES ('57', 'Bledar ', 'Buza', 'otanshehu', '123456789', '01.10.2007', '6', '2', '40000');
INSERT INTO `managmentsystem`.`employees` (`emp_id`, `name`, `surname`, `username`, `password`, `start_date`, `job_id`, `department_id`, `salary`) VALUES ('58', 'Bledar ', 'Buza', 'valmiralokaj', '123456789', '01.10.2007', '6', '2', '40000');
INSERT INTO `managmentsystem`.`employees` (`emp_id`, `name`, `surname`, `username`, `password`, `start_date`, `job_id`, `department_id`, `salary`) VALUES ('59', 'Bledar ', 'Buza', 'xhenetahasani', '123456789', '01.10.2007', '6', '2', '40000');
INSERT INTO `managmentsystem`.`employees` (`emp_id`, `name`, `surname`, `username`, `password`, `start_date`, `job_id`, `department_id`, `salary`) VALUES ('60', 'Bledar ', 'Buza', 'diellivula', '123456789', '01.10.2007', '6', '2', '40000');
INSERT INTO `managmentsystem`.`employees` (`emp_id`, `name`, `surname`, `username`, `password`, `start_date`, `job_id`, `department_id`, `salary`) VALUES ('61', 'Bledar ', 'Buza', 'festasadiku', '123456789', '01.10.2007', '6', '2', '40000');
INSERT INTO `managmentsystem`.`employees` (`emp_id`, `name`, `surname`, `username`, `password`, `start_date`, `job_id`, `department_id`, `salary`) VALUES ('62', 'Bledar ', 'Buza', 'vjenditajanuzi', '123456789', '01.10.2007', '6', '2', '40000');
INSERT INTO `managmentsystem`.`employees` (`emp_id`, `name`, `surname`, `username`, `password`, `start_date`, `job_id`, `department_id`, `salary`) VALUES ('63', 'Bledar ', 'Buza', 'festastavileci', '123456789', '01.10.2007', '6', '2', '40000');
INSERT INTO `managmentsystem`.`employees` (`emp_id`, `name`, `surname`, `username`, `password`, `start_date`, `job_id`, `department_id`, `salary`) VALUES ('64', 'Bledar ', 'Buza', 'almadobratiqi', '123456789', '01.10.2007', '6', '2', '40000');
INSERT INTO `managmentsystem`.`employees` (`emp_id`, `name`, `surname`, `username`, `password`, `start_date`, `job_id`, `department_id`, `salary`) VALUES ('65', 'Bledar ', 'Buza', 'albionaismajli', '123456789', '01.10.2007', '6', '2', '40000');
INSERT INTO `managmentsystem`.`employees` (`emp_id`, `name`, `surname`, `username`, `password`, `start_date`, `job_id`, `department_id`, `salary`) VALUES ('66', 'Bledar ', 'Buza', 'xhenetaberisha', '123456789', '01.10.2007', '6', '2', '40000');
INSERT INTO `managmentsystem`.`employees` (`emp_id`, `name`, `surname`, `username`, `password`, `start_date`, `job_id`, `department_id`, `salary`) VALUES ('67', 'Bledar ', 'Buza', 'erandamorina', '123456789', '01.10.2007', '6', '2', '40000');
INSERT INTO `managmentsystem`.`employees` (`emp_id`, `name`, `surname`, `username`, `password`, `start_date`, `job_id`, `department_id`, `salary`) VALUES ('68', 'Bledar ', 'Buza', 'enxhibicurri', '123456789', '01.10.2007', '6', '2', '40000');
INSERT INTO `managmentsystem`.`employees` (`emp_id`, `name`, `surname`, `username`, `password`, `start_date`, `job_id`, `department_id`, `salary`) VALUES ('69', 'Bledar ', 'Buza', 'eliotretkoceri', '123456789', '01.10.2007', '6', '2', '40000');
INSERT INTO `managmentsystem`.`employees` (`emp_id`, `name`, `surname`, `username`, `password`, `start_date`, `job_id`, `department_id`, `salary`) VALUES ('70', 'Bledar ', 'Buza', 'malibuza', '123456789', '01.10.2007', '6', '2', '40000');



UPDATE `managmentsystem`.`employees` SET `department_id` = '1' WHERE (`emp_id` = '11');
UPDATE `managmentsystem`.`employees` SET `department_id` = '1' WHERE (`emp_id` = '12');
UPDATE `managmentsystem`.`employees` SET `department_id` = '1' WHERE (`emp_id` = '13');
UPDATE `managmentsystem`.`employees` SET `department_id` = '1' WHERE (`emp_id` = '14');
UPDATE `managmentsystem`.`employees` SET `department_id` = '1' WHERE (`emp_id` = '15');
UPDATE `managmentsystem`.`employees` SET `department_id` = '1' WHERE (`emp_id` = '16');
UPDATE `managmentsystem`.`employees` SET `department_id` = '1' WHERE (`emp_id` = '17');
UPDATE `managmentsystem`.`employees` SET `job_id` = '1', `department_id` = '1' WHERE (`emp_id` = '18');
UPDATE `managmentsystem`.`employees` SET `name` = 'Florin', `job_id` = '2', `department_id` = '1' WHERE (`emp_id` = '19');
UPDATE `managmentsystem`.`employees` SET `name` = 'Bleron', `job_id` = '3', `department_id` = '1' WHERE (`emp_id` = '20');
UPDATE `managmentsystem`.`employees` SET `name` = 'Rajmonda', `surname` = 'Shala', `job_id` = '4', `department_id` = '3' WHERE (`emp_id` = '21');
UPDATE `managmentsystem`.`employees` SET `name` = 'Lisi', `surname` = 'Haxhibeqiri', `job_id` = '5', `department_id` = '3' WHERE (`emp_id` = '22');
UPDATE `managmentsystem`.`employees` SET `name` = 'Eldon', `surname` = 'Byci', `department_id` = '3' WHERE (`emp_id` = '23');
UPDATE `managmentsystem`.`employees` SET `name` = 'Endit', `surname` = 'Byci', `job_id` = '7', `department_id` = '3' WHERE (`emp_id` = '24');
UPDATE `managmentsystem`.`employees` SET `name` = 'Dion', `surname` = 'Stublla', `job_id` = '1', `department_id` = '3' WHERE (`emp_id` = '25');
UPDATE `managmentsystem`.`employees` SET `name` = 'Blini', `surname` = 'Beqa', `job_id` = '2', `department_id` = '3' WHERE (`emp_id` = '26');
UPDATE `managmentsystem`.`employees` SET `name` = 'Art', `surname` = 'Mullahasani', `job_id` = '2', `department_id` = '3' WHERE (`emp_id` = '27');
UPDATE `managmentsystem`.`employees` SET `name` = 'Edi', `surname` = 'Hoxha', `job_id` = '3', `department_id` = '3' WHERE (`emp_id` = '28');
UPDATE `managmentsystem`.`employees` SET `name` = 'Etnor', `surname` = 'Qurdina', `job_id` = '4', `department_id` = '3' WHERE (`emp_id` = '29');
UPDATE `managmentsystem`.`employees` SET `name` = 'Qlirim', `surname` = 'Kasapi', `job_id` = '5', `department_id` = '3' WHERE (`emp_id` = '30');
UPDATE `managmentsystem`.`employees` SET `name` = 'Blerona', `surname` = 'Hasani', `department_id` = '4' WHERE (`emp_id` = '31');
UPDATE `managmentsystem`.`employees` SET `name` = 'Vetiola', `surname` = 'Mici', `job_id` = '7', `department_id` = '4' WHERE (`emp_id` = '32');
UPDATE `managmentsystem`.`employees` SET `name` = 'Diellza', `surname` = 'Salicana', `job_id` = '4', `department_id` = '4' WHERE (`emp_id` = '33');
UPDATE `managmentsystem`.`employees` SET `name` = 'Valmira', `surname` = 'Mullatahiri', `job_id` = '2', `department_id` = '4' WHERE (`emp_id` = '34');
UPDATE `managmentsystem`.`employees` SET `name` = 'Elona', `surname` = 'Domi', `job_id` = '3', `department_id` = '4' WHERE (`emp_id` = '35');
UPDATE `managmentsystem`.`employees` SET `name` = 'Qendresa', `surname` = 'Tara', `job_id` = '1', `department_id` = '4' WHERE (`emp_id` = '36');
UPDATE `managmentsystem`.`employees` SET `name` = 'Jona ', `surname` = 'Zajmi', `job_id` = '2', `department_id` = '4' WHERE (`emp_id` = '37');
UPDATE `managmentsystem`.`employees` SET `name` = 'Hana', `surname` = 'Vula', `job_id` = '3', `department_id` = '4' WHERE (`emp_id` = '38');
UPDATE `managmentsystem`.`employees` SET `name` = 'Jon', `surname` = 'Vula', `job_id` = '5', `department_id` = '4' WHERE (`emp_id` = '39');
UPDATE `managmentsystem`.`employees` SET `name` = 'Leon', `surname` = 'Rraci', `department_id` = '4' WHERE (`emp_id` = '40');
UPDATE `managmentsystem`.`employees` SET `name` = 'Jon', `surname` = 'Bytyqi', `job_id` = '3', `department_id` = '5' WHERE (`emp_id` = '41');
UPDATE `managmentsystem`.`employees` SET `name` = 'Edina', `surname` = 'Blyta', `job_id` = '1', `department_id` = '5' WHERE (`emp_id` = '42');
UPDATE `managmentsystem`.`employees` SET `name` = 'Janina', `surname` = 'Zhuri', `job_id` = '2', `department_id` = '5' WHERE (`emp_id` = '43');
UPDATE `managmentsystem`.`employees` SET `name` = 'Argjent', `surname` = 'Zhubi', `job_id` = '3', `department_id` = '5' WHERE (`emp_id` = '44');
UPDATE `managmentsystem`.`employees` SET `name` = 'Eduard', `surname` = 'Spahija', `job_id` = '4', `department_id` = '5' WHERE (`emp_id` = '45');
UPDATE `managmentsystem`.`employees` SET `name` = 'Ardit', `surname` = 'Baloku', `department_id` = '5' WHERE (`emp_id` = '46');
UPDATE `managmentsystem`.`employees` SET `name` = 'Ardita', `surname` = 'Berisha', `job_id` = '7', `department_id` = '5' WHERE (`emp_id` = '47');
UPDATE `managmentsystem`.`employees` SET `name` = 'Vesa', `surname` = 'Qirlexhiu', `department_id` = '5' WHERE (`emp_id` = '48');
UPDATE `managmentsystem`.`employees` SET `name` = 'Ambla', `surname` = 'Mamusha', `job_id` = '1', `department_id` = '5' WHERE (`emp_id` = '49');
UPDATE `managmentsystem`.`employees` SET `name` = 'Veli', `surname` = 'Emra', `job_id` = '2', `department_id` = '5' WHERE (`emp_id` = '50');
UPDATE `managmentsystem`.`employees` SET `name` = 'Shumbim', `surname` = 'Emra', `job_id` = '3', `department_id` = '6' WHERE (`emp_id` = '51');
UPDATE `managmentsystem`.`employees` SET `name` = 'Besmir', `surname` = 'Dalladaku', `job_id` = '4', `department_id` = '6' WHERE (`emp_id` = '52');
UPDATE `managmentsystem`.`employees` SET `name` = 'Rron', `surname` = 'Vokshi', `job_id` = '5', `department_id` = '6' WHERE (`emp_id` = '53');
UPDATE `managmentsystem`.`employees` SET `name` = 'Auron', `surname` = 'Doli', `job_id` = '7', `department_id` = '6' WHERE (`emp_id` = '54');
UPDATE `managmentsystem`.`employees` SET `name` = 'Beatrisa', `surname` = 'Zherka', `job_id` = '5', `department_id` = '6' WHERE (`emp_id` = '55');
UPDATE `managmentsystem`.`employees` SET `name` = 'Leotrim', `surname` = 'Krasniqi', `job_id` = '3', `department_id` = '6' WHERE (`emp_id` = '56');
UPDATE `managmentsystem`.`employees` SET `name` = 'Otan', `surname` = 'Shehu', `department_id` = '6' WHERE (`emp_id` = '57');
UPDATE `managmentsystem`.`employees` SET `name` = 'Valmira', `surname` = 'Lokaj', `job_id` = '2', `department_id` = '6' WHERE (`emp_id` = '58');
UPDATE `managmentsystem`.`employees` SET `name` = 'Xheneta', `surname` = 'Hasani', `job_id` = '1', `department_id` = '6' WHERE (`emp_id` = '59');
UPDATE `managmentsystem`.`employees` SET `name` = 'Dielli', `surname` = 'Vula', `department_id` = '6' WHERE (`emp_id` = '60');
UPDATE `managmentsystem`.`employees` SET `name` = 'Festa', `surname` = 'Sadiku', `job_id` = '2', `department_id` = '6' WHERE (`emp_id` = '61');
UPDATE `managmentsystem`.`employees` SET `name` = 'Vjendita', `surname` = 'Januzi', `job_id` = '3', `department_id` = '7' WHERE (`emp_id` = '62');
UPDATE `managmentsystem`.`employees` SET `name` = 'Festa', `surname` = 'Stavileci', `job_id` = '4', `department_id` = '7' WHERE (`emp_id` = '63');
UPDATE `managmentsystem`.`employees` SET `name` = 'Alma', `surname` = 'Dobratiqi', `department_id` = '7' WHERE (`emp_id` = '64');
UPDATE `managmentsystem`.`employees` SET `name` = 'Albiona', `surname` = 'Ismajli', `job_id` = '3', `department_id` = '7' WHERE (`emp_id` = '65');
UPDATE `managmentsystem`.`employees` SET `name` = 'Xheneta', `surname` = 'Berisha', `job_id` = '2', `department_id` = '7' WHERE (`emp_id` = '66');
UPDATE `managmentsystem`.`employees` SET `name` = 'Eranda', `surname` = 'Morina', `department_id` = '7' WHERE (`emp_id` = '67');
UPDATE `managmentsystem`.`employees` SET `name` = 'Enxhi', `surname` = 'Bicurri', `job_id` = '2', `department_id` = '7' WHERE (`emp_id` = '68');
UPDATE `managmentsystem`.`employees` SET `name` = 'Eliot', `surname` = 'Retkoceri', `job_id` = '4', `department_id` = '7' WHERE (`emp_id` = '69');
UPDATE `managmentsystem`.`employees` SET `name` = 'Mali', `department_id` = '7' WHERE (`emp_id` = '70');